"GEOID","NAME","B03003_001E","B03003_001M","B03003_003E","B03003_003M","type","pct","moe","sd","cty","plus","minus"
"42101019502","Census Tract 195.02, Philadelphia County, Pennsylvania",3649,633,2817,539,"trct",77.199232666484,6.23249232125032,3.78874913145916,"101",83.4317249877343,70.9667403452337
"42101017601","Census Tract 176.01, Philadelphia County, Pennsylvania",5728,722,5070,772,"trct",88.5125698324022,7.56129970676519,4.59653477614905,"101",96.0738695391674,80.951270125637
"42101017602","Census Tract 176.02, Philadelphia County, Pennsylvania",4267,496,3575,466,"trct",83.7825169908601,4.94180519500592,3.00413689666013,"101",88.724322185866,78.8407117958542
